<keymap version="1" name="KDE copy 1" parent="Default for KDE">
  <action id="ActivateProjectToolWindow" />
  <action id="Back">
    <mouse-shortcut keystroke="button4" />
  </action>
  <action id="BreakpointActionsGroup">
    <keyboard-shortcut first-keystroke="alt p" />
  </action>
  <action id="ChangesView.GroupBy.Directory" />
  <action id="ChooseDebugConfiguration">
    <keyboard-shortcut first-keystroke="f5" />
  </action>
  <action id="ChooseRunConfiguration">
    <keyboard-shortcut first-keystroke="ctrl 5" />
  </action>
  <action id="CloseContent">
    <keyboard-shortcut first-keystroke="alt q" />
  </action>
  <action id="CollapseAll">
    <keyboard-shortcut first-keystroke="ctrl subtract" />
  </action>
  <action id="CollapseExpandableComponent">
    <keyboard-shortcut first-keystroke="shift enter" />
    <keyboard-shortcut first-keystroke="ctrl subtract" />
  </action>
  <action id="CollapseRegion">
    <keyboard-shortcut first-keystroke="ctrl subtract" />
  </action>
  <action id="CommentByBlockComment">
    <keyboard-shortcut first-keystroke="alt quote" />
  </action>
  <action id="CommentByLineComment">
    <keyboard-shortcut first-keystroke="alt quote" />
  </action>
  <action id="CompilationChartsZoomInAction">
    <keyboard-shortcut first-keystroke="ctrl add" />
  </action>
  <action id="Console.TableResult.Reload" />
  <action id="ContextHelp" />
  <action id="CopyElement" />
  <action id="DSM.ZoomIn">
    <keyboard-shortcut first-keystroke="ctrl add" />
  </action>
  <action id="DatabaseView.DeactivateAction">
    <keyboard-shortcut first-keystroke="ctrl 2" />
  </action>
  <action id="Docker.RemoteServers.StopComposeService">
    <keyboard-shortcut first-keystroke="ctrl 2" />
  </action>
  <action id="Docker.RemoteServers.StopContainer">
    <keyboard-shortcut first-keystroke="ctrl 2" />
  </action>
  <action id="Documentation.Forward">
    <mouse-shortcut keystroke="button5" />
  </action>
  <action id="EditorContextInfo" />
  <action id="EditorDecreaseFontSizeGlobal">
    <keyboard-shortcut first-keystroke="ctrl minus" />
  </action>
  <action id="EditorDown">
    <keyboard-shortcut first-keystroke="j" />
    <keyboard-shortcut first-keystroke="down" />
  </action>
  <action id="EditorIncreaseFontSizeGlobal">
    <keyboard-shortcut first-keystroke="ctrl equals" />
  </action>
  <action id="EditorPageDown" />
  <action id="EditorPageUp" />
  <action id="EditorUp">
    <keyboard-shortcut first-keystroke="k" />
    <keyboard-shortcut first-keystroke="up" />
  </action>
  <action id="ExpandAll">
    <keyboard-shortcut first-keystroke="ctrl add" />
  </action>
  <action id="ExpandExpandableComponent">
    <keyboard-shortcut first-keystroke="shift enter" />
    <keyboard-shortcut first-keystroke="ctrl add" />
  </action>
  <action id="ExpandRecursively">
    <keyboard-shortcut first-keystroke="ctrl add" />
  </action>
  <action id="ExpandRegion">
    <keyboard-shortcut first-keystroke="ctrl add" />
  </action>
  <action id="ExportToTextFile" />
  <action id="ExternalSystem.CollapseAll">
    <keyboard-shortcut first-keystroke="ctrl subtract" />
  </action>
  <action id="ExternalSystem.ExpandAll">
    <keyboard-shortcut first-keystroke="ctrl add" />
  </action>
  <action id="FileChooser.GoForward">
    <mouse-shortcut keystroke="button5" />
  </action>
  <action id="ForceStepInto" />
  <action id="ForceStepOver" />
  <action id="Forward">
    <mouse-shortcut keystroke="button5" />
  </action>
  <action id="Generate">
    <keyboard-shortcut first-keystroke="alt 1" />
  </action>
  <action id="GitLab.Merge.Request.List.Refresh" />
  <action id="GitLab.Merge.Request.Refresh" />
  <action id="Github.PullRequest.Details.Reload" />
  <action id="GotoDeclaration">
    <keyboard-shortcut first-keystroke="ctrl b" />
    <mouse-shortcut keystroke="control button1" />
    <keyboard-shortcut first-keystroke="alt c" />
  </action>
  <action id="GotoImplementation">
    <mouse-shortcut keystroke="control alt button1" />
    <keyboard-shortcut first-keystroke="alt x" />
  </action>
  <action id="Graph.ApplyCurrentLayout" />
  <action id="Graph.RouteEdges" />
  <action id="Images.Editor.ZoomIn">
    <keyboard-shortcut first-keystroke="ctrl add" />
  </action>
  <action id="Images.Editor.ZoomOut">
    <keyboard-shortcut first-keystroke="ctrl subtract" />
  </action>
  <action id="IntroduceParameter" />
  <action id="List-scrollDown" />
  <action id="List-scrollUp" />
  <action id="MainMenuButton.ShowMenu" />
  <action id="Markdown.Preview.DecreaseFontSize">
    <keyboard-shortcut first-keystroke="ctrl subtract" />
  </action>
  <action id="Markdown.Preview.IncreaseFontSize">
    <keyboard-shortcut first-keystroke="ctrl add" />
  </action>
  <action id="Maven.CollapseAll">
    <keyboard-shortcut first-keystroke="ctrl subtract" />
  </action>
  <action id="Maven.ExpandAll">
    <keyboard-shortcut first-keystroke="ctrl add" />
  </action>
  <action id="Move">
    <keyboard-shortcut first-keystroke="alt open_bracket" />
  </action>
  <action id="MoveLineDown">
    <keyboard-shortcut first-keystroke="alt j" />
  </action>
  <action id="MoveLineUp">
    <keyboard-shortcut first-keystroke="alt k" />
  </action>
  <action id="NewClass">
    <keyboard-shortcut first-keystroke="ctrl t" />
  </action>
  <action id="NewDir">
    <keyboard-shortcut first-keystroke="alt close_bracket" />
  </action>
  <action id="NextInlineCompletionSuggestionAction" />
  <action id="NextSplitter">
    <keyboard-shortcut first-keystroke="alt s" />
  </action>
  <action id="NextTab">
    <keyboard-shortcut first-keystroke="alt m" />
  </action>
  <action id="PrevInlineCompletionSuggestionAction" />
  <action id="PrevSplitter">
    <keyboard-shortcut first-keystroke="alt a" />
  </action>
  <action id="PreviousTab">
    <keyboard-shortcut first-keystroke="alt n" />
  </action>
  <action id="QuickJavaDoc">
    <keyboard-shortcut first-keystroke="ctrl q" />
    <mouse-shortcut keystroke="alt button2" />
    <keyboard-shortcut first-keystroke="alt o" />
  </action>
  <action id="Refresh" />
  <action id="RenameElement">
    <keyboard-shortcut first-keystroke="shift f6" />
    <keyboard-shortcut first-keystroke="alt r" />
  </action>
  <action id="Rerun" />
  <action id="Resume">
    <keyboard-shortcut first-keystroke="f10" />
  </action>
  <action id="RunDashboard.Run">
    <keyboard-shortcut first-keystroke="shift ctrl f10" />
  </action>
  <action id="RunDashboard.Stop">
    <keyboard-shortcut first-keystroke="ctrl 2" />
  </action>
  <action id="RunToCursor" />
  <action id="SearchEverywhere.NavigateToNextGroup">
    <keyboard-shortcut first-keystroke="ctrl down" />
  </action>
  <action id="SearchEverywhere.NavigateToPrevGroup">
    <keyboard-shortcut first-keystroke="ctrl up" />
  </action>
  <action id="SelectNextOccurrence" />
  <action id="SmartStepInto">
    <keyboard-shortcut first-keystroke="f1" />
  </action>
  <action id="SplitHorizontally">
    <keyboard-shortcut first-keystroke="alt d" />
  </action>
  <action id="SplitVertically">
    <keyboard-shortcut first-keystroke="alt t" />
  </action>
  <action id="StepInto" />
  <action id="StepOut" />
  <action id="StepOver">
    <keyboard-shortcut first-keystroke="f11" />
  </action>
  <action id="Stop">
    <keyboard-shortcut first-keystroke="ctrl 2" />
    <keyboard-shortcut first-keystroke="shift f5" />
  </action>
  <action id="StopBackgroundProcesses" />
  <action id="Svn.RefreshWorkingCopies" />
  <action id="SwitchHeaderSource" />
  <action id="Table-scrollDownChangeSelection" />
  <action id="Table-scrollUpChangeSelection" />
  <action id="Terminal.SelectBlockAbove">
    <keyboard-shortcut first-keystroke="ctrl up" />
  </action>
  <action id="Terminal.SelectBlockBelow" />
  <action id="TerminalDecreaseFontSize" />
  <action id="TodoViewGroupByShowPackages" />
  <action id="ToggleBookmark" />
  <action id="Unsplit">
    <keyboard-shortcut first-keystroke="alt back_slash" />
  </action>
  <action id="UsageGrouping.Directory" />
  <action id="UsageGrouping.Package" />
  <action id="Vcs.Log.Refresh" />
  <action id="Vcs.RefreshFileHistory" />
  <action id="Vcs.ToggleAmendCommitMode" />
  <action id="Vcs.UpdateProject" />
  <action id="ViewBreakpoints">
    <keyboard-shortcut first-keystroke="shift ctrl 8" />
    <keyboard-shortcut first-keystroke="ctrl alt p" />
  </action>
  <action id="runShellFileAction">
    <keyboard-shortcut first-keystroke="shift ctrl f10" />
  </action>
</keymap>