<keymap version="1" name="Windows copy 1" parent="$default">
  <action id="ActivateBookmarksToolWindow" />
  <action id="ActivateProjectToolWindow">
    <keyboard-shortcut first-keystroke="ctrl alt l" />
  </action>
  <action id="ActivateTerminalToolWindow" />
  <action id="Back">
    <mouse-shortcut keystroke="button4" />
  </action>
  <action id="ChangesView.ToggleCommitUi" />
  <action id="CheckinProject" />
  <action id="CloseContent">
    <keyboard-shortcut first-keystroke="alt back_slash" />
  </action>
  <action id="CollapseSelection" />
  <action id="CommentByLineComment">
    <keyboard-shortcut first-keystroke="ctrl slash" />
    <keyboard-shortcut first-keystroke="ctrl divide" />
    <keyboard-shortcut first-keystroke="ctrl period" />
    <keyboard-shortcut first-keystroke="ctrl k" />
  </action>
  <action id="Console.Open">
    <keyboard-shortcut first-keystroke="ctrl alt t" />
  </action>
  <action id="ContextHelp" />
  <action id="CopyElement" />
  <action id="Debug">
    <keyboard-shortcut first-keystroke="f5" />
  </action>
  <action id="EditorChooseLookupItemDot" />
  <action id="EditorDecreaseFontSize">
    <keyboard-shortcut first-keystroke="page_down" />
  </action>
  <action id="EditorDeleteLine">
    <keyboard-shortcut first-keystroke="ctrl l" />
  </action>
  <action id="EditorIncreaseFontSize">
    <keyboard-shortcut first-keystroke="page_up" />
  </action>
  <action id="EditorMoveToPageBottom" />
  <action id="EditorMoveToPageTop" />
  <action id="EditorPageDown" />
  <action id="EditorPageDownWithSelection" />
  <action id="EditorPageUp" />
  <action id="EditorPageUpWithSelection" />
  <action id="FileChooser.GoForward" />
  <action id="FindNext">
    <keyboard-shortcut first-keystroke="f3" />
  </action>
  <action id="Forward" />
  <action id="Generate">
    <keyboard-shortcut first-keystroke="alt 1" />
  </action>
  <action id="Git.Commit.Stage" />
  <action id="GotoBookmark5" />
  <action id="GotoDeclaration">
    <mouse-shortcut keystroke="control button1" />
    <mouse-shortcut keystroke="button2" />
    <keyboard-shortcut first-keystroke="f12" />
  </action>
  <action id="HideActiveWindow">
    <keyboard-shortcut first-keystroke="shift page_down" />
  </action>
  <action id="Images.Editor.ActualSize">
    <keyboard-shortcut first-keystroke="ctrl divide" />
  </action>
  <action id="JumpToLastWindow" />
  <action id="List-scrollDown" />
  <action id="List-scrollUp" />
  <action id="List-scrollUpExtendSelection" />
  <action id="MainMenuButton.ShowMenu" />
  <action id="NewClass">
    <keyboard-shortcut first-keystroke="ctrl t" />
  </action>
  <action id="NextSplitter">
    <keyboard-shortcut first-keystroke="ctrl alt right" />
  </action>
  <action id="PinToolwindowTab">
    <keyboard-shortcut first-keystroke="shift page_up" />
  </action>
  <action id="PrevSplitter">
    <keyboard-shortcut first-keystroke="ctrl alt left" />
  </action>
  <action id="ReformatCode" />
  <action id="RenameElement">
    <keyboard-shortcut first-keystroke="ctrl r" />
  </action>
  <action id="RenameFile">
    <keyboard-shortcut first-keystroke="ctrl r" />
  </action>
  <action id="Replace" />
  <action id="ResizeToolWindowLeft">
    <keyboard-shortcut first-keystroke="shift ctrl alt left" />
    <keyboard-shortcut first-keystroke="ctrl page_up" />
  </action>
  <action id="ResizeToolWindowRight">
    <keyboard-shortcut first-keystroke="shift ctrl alt right" />
    <keyboard-shortcut first-keystroke="ctrl page_down" />
  </action>
  <action id="Resume">
    <keyboard-shortcut first-keystroke="f10" />
  </action>
  <action id="Run">
    <keyboard-shortcut first-keystroke="ctrl 5" />
  </action>
  <action id="SearchEverywhere.NavigateToNextGroup">
    <keyboard-shortcut first-keystroke="ctrl down" />
  </action>
  <action id="SearchEverywhere.NavigateToPrevGroup">
    <keyboard-shortcut first-keystroke="ctrl up" />
  </action>
  <action id="ServiceView.GroupByContributor" />
  <action id="ShelvedChanges.Rename" />
  <action id="SmartStepInto">
    <keyboard-shortcut first-keystroke="f1" />
  </action>
  <action id="SplitVertically">
    <keyboard-shortcut first-keystroke="ctrl alt caps_lock" />
  </action>
  <action id="StepInto" />
  <action id="StepOver">
    <keyboard-shortcut first-keystroke="f11" />
  </action>
  <action id="Stop">
    <keyboard-shortcut first-keystroke="shift f5" />
  </action>
  <action id="SurroundWith">
    <keyboard-shortcut first-keystroke="alt 2" />
  </action>
  <action id="Table-scrollDownChangeSelection" />
  <action id="Table-scrollDownExtendSelection" />
  <action id="Table-scrollUpChangeSelection" />
  <action id="Terminal.ClearBuffer" />
  <action id="ToggleBookmark" />
  <action id="ToggleLineBreakpoint">
    <keyboard-shortcut first-keystroke="alt p" />
  </action>
  <action id="ToggleMainMenuAction">
    <mouse-shortcut keystroke="button5" />
  </action>
  <action id="Tree-scrollDownExtendSelection" />
  <action id="Tree-scrollUpExtendSelection" />
  <action id="Unsplit">
    <keyboard-shortcut first-keystroke="ctrl alt back_slash" />
  </action>
  <action id="UsageFiltering.ReadAccess" />
  <action id="UsageGrouping.UsageType" />
  <action id="Vcs.Log.FocusTextFilter" />
  <action id="Vcs.UpdateProject" />
  <action id="ViewBreakpoints" />
</keymap>