<keymap version="1" name="XWin copy" parent="Default for XWin">
  <action id="ActivateProjectToolWindow" />
  <action id="ActivateTerminalToolWindow">
    <keyboard-shortcut first-keystroke="ctrl back_slash" />
  </action>
  <action id="ChangesView.GroupBy.Directory" />
  <action id="ChangesView.ToggleCommitUi" />
  <action id="CheckStatusForFiles">
    <keyboard-shortcut first-keystroke="alt s" />
  </action>
  <action id="CheckinProject" />
  <action id="ChooseDebugConfiguration">
    <keyboard-shortcut first-keystroke="f5" />
  </action>
  <action id="ChooseRunConfiguration">
    <keyboard-shortcut first-keystroke="ctrl 5" />
  </action>
  <action id="CloseContent">
    <keyboard-shortcut first-keystroke="alt back_slash" />
  </action>
  <action id="CollapseAll">
    <keyboard-shortcut first-keystroke="ctrl subtract" />
  </action>
  <action id="CollapseExpandableComponent">
    <keyboard-shortcut first-keystroke="shift enter" />
    <keyboard-shortcut first-keystroke="ctrl subtract" />
  </action>
  <action id="CollapseRegion">
    <keyboard-shortcut first-keystroke="ctrl subtract" />
  </action>
  <action id="CommentByLineComment">
    <keyboard-shortcut first-keystroke="ctrl slash" />
    <keyboard-shortcut first-keystroke="ctrl divide" />
    <keyboard-shortcut first-keystroke="alt quote" />
  </action>
  <action id="Compare.SameVersion" />
  <action id="CompareTwoFiles" />
  <action id="ContextHelp" />
  <action id="CopyElement" />
  <action id="Debug" />
  <action id="Diff.ShowDiff" />
  <action id="EditorContextInfo" />
  <action id="EditorDecreaseFontSizeGlobal">
    <keyboard-shortcut first-keystroke="ctrl minus" />
  </action>
  <action id="EditorDown">
    <keyboard-shortcut first-keystroke="down" />
    <keyboard-shortcut first-keystroke="j" />
  </action>
  <action id="EditorDuplicate" />
  <action id="EditorIncreaseFontSizeGlobal">
    <keyboard-shortcut first-keystroke="ctrl equals" />
  </action>
  <action id="EditorPageDown" />
  <action id="EditorPageUp" />
  <action id="EditorUp">
    <keyboard-shortcut first-keystroke="up" />
    <keyboard-shortcut first-keystroke="k" />
  </action>
  <action id="ExpandAll">
    <keyboard-shortcut first-keystroke="ctrl add" />
  </action>
  <action id="ExpandExpandableComponent">
    <keyboard-shortcut first-keystroke="shift enter" />
    <keyboard-shortcut first-keystroke="ctrl add" />
  </action>
  <action id="ExpandRecursively">
    <keyboard-shortcut first-keystroke="ctrl add" />
  </action>
  <action id="ExpandRegion">
    <keyboard-shortcut first-keystroke="ctrl add" />
  </action>
  <action id="ExportToTextFile" />
  <action id="ExternalSystem.CollapseAll">
    <keyboard-shortcut first-keystroke="ctrl subtract" />
  </action>
  <action id="ExternalSystem.ExpandAll">
    <keyboard-shortcut first-keystroke="ctrl add" />
  </action>
  <action id="FileChooser.GotoDesktop" />
  <action id="FileChooser.NewFolder">
    <keyboard-shortcut first-keystroke="alt insert" />
  </action>
  <action id="FileChooser.TogglePathBar" />
  <action id="FindNext">
    <keyboard-shortcut first-keystroke="f3" />
  </action>
  <action id="FindUsages">
    <keyboard-shortcut first-keystroke="alt f" />
  </action>
  <action id="Generate">
    <keyboard-shortcut first-keystroke="alt 1" />
  </action>
  <action id="Git.Commit.Stage" />
  <action id="GitToolBox.BlameDetails">
    <keyboard-shortcut first-keystroke="alt b" />
  </action>
  <action id="GotoBookmark5" />
  <action id="GotoClass" />
  <action id="GotoDeclaration">
    <keyboard-shortcut first-keystroke="ctrl b" />
    <mouse-shortcut keystroke="control button1" />
    <keyboard-shortcut first-keystroke="alt c" />
  </action>
  <action id="GotoImplementation">
    <keyboard-shortcut first-keystroke="ctrl alt b" />
    <mouse-shortcut keystroke="control alt button1" />
    <keyboard-shortcut first-keystroke="alt x" />
  </action>
  <action id="Graph.AlignNodes.Center" />
  <action id="Graph.ApplyCurrentLayout" />
  <action id="Graph.RouteEdges" />
  <action id="HideAllWindows">
    <keyboard-shortcut first-keystroke="alt h" />
  </action>
  <action id="Images.Editor.ZoomIn">
    <keyboard-shortcut first-keystroke="ctrl add" />
    <keyboard-shortcut first-keystroke="page_up" />
  </action>
  <action id="Images.Editor.ZoomOut">
    <keyboard-shortcut first-keystroke="ctrl subtract" />
    <keyboard-shortcut first-keystroke="page_down" />
  </action>
  <action id="InsertLiveTemplate" />
  <action id="IntroduceParameter" />
  <action id="List-scrollDown" />
  <action id="List-scrollUp" />
  <action id="MainMenuButton.ShowMenu" />
  <action id="MarkObjectAction.Frontend" />
  <action id="Markdown.Preview.DecreaseFontSize">
    <keyboard-shortcut first-keystroke="ctrl subtract" />
  </action>
  <action id="Markdown.Preview.IncreaseFontSize">
    <keyboard-shortcut first-keystroke="ctrl add" />
  </action>
  <action id="Move">
    <keyboard-shortcut first-keystroke="alt open_bracket" />
  </action>
  <action id="MoveLineDown">
    <keyboard-shortcut first-keystroke="alt j" />
  </action>
  <action id="MoveLineUp">
    <keyboard-shortcut first-keystroke="alt k" />
  </action>
  <action id="MoveTabRight">
    <keyboard-shortcut first-keystroke="alt t" />
  </action>
  <action id="NewDir">
    <keyboard-shortcut first-keystroke="alt close_bracket" />
  </action>
  <action id="NewFile">
    <keyboard-shortcut first-keystroke="ctrl t" />
  </action>
  <action id="NextDiff" />
  <action id="NextInlineCompletionSuggestionAction" />
  <action id="NextTab">
    <keyboard-shortcut first-keystroke="alt m" />
  </action>
  <action id="ParameterInfo">
    <keyboard-shortcut first-keystroke="alt i" />
  </action>
  <action id="PrevInlineCompletionSuggestionAction" />
  <action id="PreviousTab">
    <keyboard-shortcut first-keystroke="alt n" />
  </action>
  <action id="QuickJavaDoc">
    <mouse-shortcut keystroke="alt button2" />
  </action>
  <action id="RenameElement">
    <keyboard-shortcut first-keystroke="alt r" />
  </action>
  <action id="Resume">
    <keyboard-shortcut first-keystroke="f10" />
  </action>
  <action id="Run" />
  <action id="SearchEverywhere.NavigateToNextGroup">
    <keyboard-shortcut first-keystroke="ctrl down" />
  </action>
  <action id="SearchEverywhere.NavigateToPrevGroup">
    <keyboard-shortcut first-keystroke="ctrl up" />
  </action>
  <action id="SelectAllOccurrences">
    <keyboard-shortcut first-keystroke="shift ctrl alt j" />
    <keyboard-shortcut first-keystroke="ctrl n" />
  </action>
  <action id="SelectNextOccurrence" />
  <action id="SendEOF" />
  <action id="ShowErrorDescription">
    <keyboard-shortcut first-keystroke="shift c" />
  </action>
  <action id="ShowHoverInfo">
    <keyboard-shortcut first-keystroke="alt o" />
  </action>
  <action id="SmartStepInto">
    <keyboard-shortcut first-keystroke="f1" />
  </action>
  <action id="StepInto" />
  <action id="StepOver">
    <keyboard-shortcut first-keystroke="f11" />
  </action>
  <action id="Stop">
    <keyboard-shortcut first-keystroke="shift f5" />
  </action>
  <action id="TabShiftActions.ShiftDown">
    <keyboard-shortcut first-keystroke="ctrl j" />
  </action>
  <action id="TabShiftActions.ShiftLeft">
    <keyboard-shortcut first-keystroke="ctrl h" />
  </action>
  <action id="TabShiftActions.ShiftRight">
    <keyboard-shortcut first-keystroke="ctrl l" />
  </action>
  <action id="TabShiftActions.ShiftUp">
    <keyboard-shortcut first-keystroke="ctrl k" />
  </action>
  <action id="TabShiftActions.StretchDown">
    <keyboard-shortcut first-keystroke="alt minus" />
  </action>
  <action id="TabShiftActions.StretchLeft">
    <keyboard-shortcut first-keystroke="alt comma" />
  </action>
  <action id="TabShiftActions.StretchRight">
    <keyboard-shortcut first-keystroke="alt period" />
  </action>
  <action id="TabShiftActions.StretchUp">
    <keyboard-shortcut first-keystroke="alt equals" />
  </action>
  <action id="Table-scrollDownChangeSelection" />
  <action id="Table-scrollUpChangeSelection" />
  <action id="Terminal.CloseSession" />
  <action id="Terminal.ShowDocumentation">
    <keyboard-shortcut first-keystroke="ctrl q" />
    <mouse-shortcut keystroke="alt button2" />
  </action>
  <action id="TodoViewGroupByShowPackages" />
  <action id="ToggleBookmark" />
  <action id="ToggleMainMenuAction">
    <keyboard-shortcut first-keystroke="f7" />
  </action>
  <action id="TypeHierarchy" />
  <action id="TypeHierarchyBase.BaseOnThisType" />
  <action id="Unsplit">
    <keyboard-shortcut first-keystroke="alt q" />
  </action>
  <action id="UsageGrouping.Directory" />
  <action id="Vcs.Log.FocusTextFilter" />
  <action id="Vcs.Log.ShowTooltip">
    <keyboard-shortcut first-keystroke="ctrl q" />
    <mouse-shortcut keystroke="alt button2" />
  </action>
  <action id="Vcs.ShowDiffChangedLines">
    <keyboard-shortcut first-keystroke="alt d" />
  </action>
  <action id="Vcs.ToggleAmendCommitMode" />
  <action id="Vcs.UpdateProject" />
  <action id="ViewBreakpoints">
    <keyboard-shortcut first-keystroke="ctrl alt p" />
  </action>
</keymap>