<application>
  <component name="com.intellij.ide.ui.customization.CustomActionsSchema">
    <group value="Vcs.Operations.Popup" is_group="true" forse_popup="false" action_type="-1" position="21">
      <path value="root" />
    </group>
    <group value="Vcs.Log.Toolbar.RightCorner" is_group="true" forse_popup="false" action_type="-1" position="20">
      <path value="root" />
    </group>
    <group value="Vcs.Log.ChangesBrowser.Toolbar" is_group="true" forse_popup="false" action_type="-1" position="19">
      <path value="root" />
    </group>
    <group value="ChangesViewToolbar" is_group="true" forse_popup="false" action_type="-1" position="18">
      <path value="root" />
    </group>
    <group value="RunTab.TopToolbar.More" is_group="true" forse_popup="false" action_type="-1" position="16">
      <path value="root" />
    </group>
    <group value="Markdown.Toolbar.Floating" is_group="true" forse_popup="false" action_type="-1" position="15">
      <path value="root" />
    </group>
    <group value="J2EEViewPopupMenu" is_group="true" forse_popup="false" action_type="-1" position="14">
      <path value="root" />
    </group>
    <group value="Floating.CodeToolbar" is_group="true" forse_popup="false" action_type="-1" position="13">
      <path value="root" />
    </group>
    <group value="Vcs.FileHistory.Toolbar" is_group="true" forse_popup="false" action_type="-1" position="12">
      <path value="root" />
    </group>
    <group value="XDebugger.MuteBreakpoints" is_action="true" action_type="-1" position="12">
      <path value="root" />
      <path value="Debug Header Toolbar" />
    </group>
    <group value="XDebugger.Watches.Tree.Toolbar" is_group="true" forse_popup="false" action_type="-1" position="11">
      <path value="root" />
    </group>
    <group value="ViewBreakpoints" is_action="true" action_type="-1" position="11">
      <path value="root" />
      <path value="Debug Header Toolbar" />
    </group>
    <group value="XDebugger.ToolWindow.TopToolbar3" is_group="true" forse_popup="false" action_type="-1" position="10">
      <path value="root" />
    </group>
    <group seperator="true" action_type="-1" position="10">
      <path value="root" />
      <path value="Debug Header Toolbar" />
    </group>
    <group value="XDebugger.ToolWindow.TopToolbar3.Extra" is_group="true" forse_popup="false" action_type="-1" position="9">
      <path value="root" />
    </group>
    <group value="StepOut" is_action="true" action_type="-1" position="9">
      <path value="root" />
      <path value="Debug Header Toolbar" />
    </group>
    <group value="NavBarToolBar" is_group="true" forse_popup="false" action_type="-1" position="8">
      <path value="root" />
    </group>
    <group value="StepInto" is_action="true" action_type="-1" position="8">
      <path value="root" />
      <path value="Debug Header Toolbar" />
    </group>
    <group value="NavbarPopupMenu" is_group="true" forse_popup="false" action_type="-1" position="7">
      <path value="root" />
    </group>
    <group value="RunTab.ProfileActions" is_group="true" forse_popup="false" action_type="-1" position="7">
      <path value="root" />
      <path value="Run Tool Window Header Toolbar" />
    </group>
    <group value="StepOver" is_action="true" action_type="-1" position="7">
      <path value="root" />
      <path value="Debug Header Toolbar" />
    </group>
    <group value="ScopeViewPopupMenu" is_group="true" forse_popup="false" action_type="-1" position="6">
      <path value="root" />
    </group>
    <group value="JavaSoftExit" is_action="true" action_type="-1" position="6">
      <path value="root" />
      <path value="Run Tool Window Header Toolbar" />
    </group>
    <group value="Pause" is_action="true" action_type="-1" position="6">
      <path value="root" />
      <path value="Debug Header Toolbar" />
    </group>
    <group value="ProjectViewPopupMenu" is_group="true" forse_popup="false" action_type="-1" position="5">
      <path value="root" />
    </group>
    <group value="JavaControlBreak" is_action="true" action_type="-1" position="5">
      <path value="root" />
      <path value="Run Tool Window Header Toolbar" />
    </group>
    <group value="Resume" is_action="true" action_type="-1" position="5">
      <path value="root" />
      <path value="Debug Header Toolbar" />
    </group>
    <group value="EditorTabPopupMenu" is_group="true" forse_popup="false" action_type="-1" position="4">
      <path value="root" />
    </group>
    <group value="QuarkusOpenDevUI" is_action="true" action_type="-1" position="4">
      <path value="root" />
      <path value="Run Tool Window Header Toolbar" />
    </group>
    <group seperator="true" action_type="-1" position="4">
      <path value="root" />
      <path value="Debug Header Toolbar" />
    </group>
    <group value="EditorGutterPopupMenu" is_group="true" forse_popup="false" action_type="-1" position="3">
      <path value="root" />
    </group>
    <group value="Stop" is_action="true" action_type="-1" position="3">
      <path value="root" />
      <path value="Run Tool Window Header Toolbar" />
    </group>
    <group value="Stop" is_action="true" action_type="-1" position="3">
      <path value="root" />
      <path value="Debug Header Toolbar" />
    </group>
    <group value="EditorPopupMenu" is_group="true" forse_popup="false" action_type="-1" position="2">
      <path value="root" />
    </group>
    <group value="Rerun" is_action="true" action_type="-1" position="2">
      <path value="root" />
      <path value="Run Tool Window Header Toolbar" />
    </group>
    <group value="MainToolbarRight" is_group="true" forse_popup="false" action_type="-1" position="2">
      <path value="root" />
      <path value="Main Toolbar" />
    </group>
    <group value="Rerun" is_action="true" action_type="-1" position="2">
      <path value="root" />
      <path value="Debug Header Toolbar" />
    </group>
    <group value="MainToolbarNewUI" is_group="true" forse_popup="false" action_type="-1" position="1">
      <path value="root" />
    </group>
    <group value="RunDashboard.Debug" is_action="true" action_type="-1" position="1">
      <path value="root" />
      <path value="Run Tool Window Header Toolbar" />
    </group>
    <group value="MainToolbarCenter" is_group="true" forse_popup="false" action_type="-1" position="1">
      <path value="root" />
      <path value="Main Toolbar" />
    </group>
    <group value="RunDashboard.Debug" is_action="true" action_type="-1" position="1">
      <path value="root" />
      <path value="Debug Header Toolbar" />
    </group>
    <group value="MainMenu" is_group="true" forse_popup="false" action_type="-1" position="0">
      <path value="root" />
    </group>
    <group value="RunDashboard.Run" is_action="true" action_type="-1" position="0">
      <path value="root" />
      <path value="Run Tool Window Header Toolbar" />
    </group>
    <group value="MainToolbarLeft" is_group="true" forse_popup="false" action_type="-1" position="0">
      <path value="root" />
      <path value="Main Toolbar" />
    </group>
    <group value="RunDashboard.Run" is_action="true" action_type="-1" position="0">
      <path value="root" />
      <path value="Debug Header Toolbar" />
    </group>
  </component>
</application>