<application>
  <component name="ProjectJdkTable">
    <jdk version="2">
      <name value="Python 3.13 (saltbox-bridge)" />
      <type value="Python SDK" />
      <version value="Python 3.13.5" />
      <homePath value="$USER_HOME$/Project/Salt.Box/saltbox-bridge/.venv/bin/python" />
      <roots>
        <classPath>
          <root type="composite">
            <root url="file:///usr/lib/python3.13" type="simple" />
            <root url="file:///usr/lib/python3.13/lib-dynload" type="simple" />
            <root url="file://$USER_HOME$/Project/Salt.Box/saltbox-bridge/.venv/lib/python3.13/site-packages" type="simple" />
            <root url="file://$USER_HOME$/.cache/JetBrains/PyCharm2025.1/python_stubs/-1480612148" type="simple" />
            <root url="file://$APPLICATION_HOME_DIR$/plugins/python-ce/helpers/python-skeletons" type="simple" />
            <root url="file://$APPLICATION_HOME_DIR$/plugins/python-ce/helpers/typeshed/stdlib" type="simple" />
            <root url="file://$APPLICATION_HOME_DIR$/plugins/python-ce/helpers/typeshed/stubs/redis" type="simple" />
          </root>
        </classPath>
        <sourcePath>
          <root type="composite" />
        </sourcePath>
      </roots>
      <additional ASSOCIATED_PROJECT_PATH="$USER_HOME$/Project/Salt.Box/saltbox-bridge" SDK_UUID="39c6129a-0fbd-40d3-a648-0e15323adb88">
        <setting name="FLAVOR_ID" value="UnknownFlavor" />
        <setting name="FLAVOR_DATA" value="{}" />
      </additional>
    </jdk>
    <jdk version="2">
      <name value="Python 3.13 (saltbox-gateway)" />
      <type value="Python SDK" />
      <version value="Python 3.13.5" />
      <homePath value="$USER_HOME$/Project/Salt.Box/saltbox-gateway/.venv/bin/python" />
      <roots>
        <classPath>
          <root type="composite">
            <root url="file:///usr/lib/python3.13" type="simple" />
            <root url="file:///usr/lib/python3.13/lib-dynload" type="simple" />
            <root url="file://$USER_HOME$/Project/Salt.Box/saltbox-gateway/.venv/lib/python3.13/site-packages" type="simple" />
            <root url="file://$USER_HOME$/.cache/JetBrains/PyCharm2025.1/python_stubs/-1552125695" type="simple" />
            <root url="file://$APPLICATION_HOME_DIR$/plugins/python-ce/helpers/python-skeletons" type="simple" />
            <root url="file://$APPLICATION_HOME_DIR$/plugins/python-ce/helpers/typeshed/stdlib" type="simple" />
            <root url="file://$APPLICATION_HOME_DIR$/plugins/python-ce/helpers/typeshed/stubs/cffi" type="simple" />
            <root url="file://$APPLICATION_HOME_DIR$/plugins/python-ce/helpers/typeshed/stubs/redis" type="simple" />
            <root url="file://$APPLICATION_HOME_DIR$/plugins/python-ce/helpers/typeshed/stubs/PyYAML" type="simple" />
          </root>
        </classPath>
        <sourcePath>
          <root type="composite" />
        </sourcePath>
      </roots>
      <additional ASSOCIATED_PROJECT_PATH="$USER_HOME$/Project/Salt.Box/saltbox-gateway" SDK_UUID="a0453f28-4b63-42f5-a74e-cfee02f23838">
        <setting name="FLAVOR_ID" value="VirtualEnvSdkFlavor" />
        <setting name="FLAVOR_DATA" value="{}" />
      </additional>
    </jdk>
    <jdk version="2">
      <name value="Python 3.13 (saltbox_bridge)" />
      <type value="Python SDK" />
      <version value="Python 3.13.5" />
      <homePath value="$USER_HOME$/Project/Salt.Box/saltbox-bridge/saltbox_bridge/.venv/bin/python" />
      <roots>
        <classPath>
          <root type="composite">
            <root url="file:///usr/lib/python3.13" type="simple" />
            <root url="file:///usr/lib/python3.13/lib-dynload" type="simple" />
            <root url="file://$USER_HOME$/Project/Salt.Box/saltbox-bridge/saltbox_bridge/.venv/lib/python3.13/site-packages" type="simple" />
            <root url="file://$USER_HOME$/.cache/JetBrains/PyCharm2025.1/python_stubs/-1607824052" type="simple" />
            <root url="file://$APPLICATION_HOME_DIR$/plugins/python-ce/helpers/python-skeletons" type="simple" />
            <root url="file://$APPLICATION_HOME_DIR$/plugins/python-ce/helpers/typeshed/stdlib" type="simple" />
            <root url="file://$APPLICATION_HOME_DIR$/plugins/python-ce/helpers/typeshed/stubs/redis" type="simple" />
          </root>
        </classPath>
        <sourcePath>
          <root type="composite" />
        </sourcePath>
      </roots>
      <additional ASSOCIATED_PROJECT_PATH="$USER_HOME$/Project/Salt.Box/saltbox-bridge/saltbox_bridge" SDK_UUID="cd8f225b-a415-4ded-ae6a-e89cbf195b2a">
        <setting name="FLAVOR_ID" value="VirtualEnvSdkFlavor" />
        <setting name="FLAVOR_DATA" value="{}" />
      </additional>
    </jdk>
    <jdk version="2">
      <name value="Python 3.12 (saltbox-core)" />
      <type value="Python SDK" />
      <version value="Python 3.12.10" />
      <homePath value="$USER_HOME$/Project/Salt.Box/saltbox-core/.venv/bin/python" />
      <roots>
        <classPath>
          <root type="composite">
            <root url="file://$USER_HOME$/.pyenv/versions/3.12.10/lib/python3.12" type="simple" />
            <root url="file://$USER_HOME$/.pyenv/versions/3.12.10/lib/python3.12/lib-dynload" type="simple" />
            <root url="file://$USER_HOME$/Project/Salt.Box/saltbox-core/.venv/lib/python3.12/site-packages" type="simple" />
            <root url="file://$USER_HOME$/.cache/JetBrains/PyCharm2025.1/python_stubs/-317581450" type="simple" />
            <root url="file://$APPLICATION_HOME_DIR$/plugins/python-ce/helpers/python-skeletons" type="simple" />
            <root url="file://$APPLICATION_HOME_DIR$/plugins/python-ce/helpers/typeshed/stdlib" type="simple" />
            <root url="file://$APPLICATION_HOME_DIR$/plugins/python-ce/helpers/typeshed/stubs/pytz" type="simple" />
            <root url="file://$APPLICATION_HOME_DIR$/plugins/python-ce/helpers/typeshed/stubs/redis" type="simple" />
            <root url="file://$APPLICATION_HOME_DIR$/plugins/python-ce/helpers/typeshed/stubs/jsonschema" type="simple" />
            <root url="file://$APPLICATION_HOME_DIR$/plugins/python-ce/helpers/typeshed/stubs/python-slugify" type="simple" />
          </root>
        </classPath>
        <sourcePath>
          <root type="composite" />
        </sourcePath>
      </roots>
      <additional SDK_UUID="dc82668e-6079-4da6-91ae-f6744a9a0e39">
        <setting name="FLAVOR_ID" value="VirtualEnvSdkFlavor" />
        <setting name="FLAVOR_DATA" value="{}" />
      </additional>
    </jdk>
    <jdk version="2">
      <name value="Python 3.10 (Python)" />
      <type value="Python SDK" />
      <version value="Python 3.10.17" />
      <homePath value="$USER_HOME$/Project/Python/.venv/bin/python" />
      <roots>
        <classPath>
          <root type="composite">
            <root url="file://$USER_HOME$/.pyenv/versions/3.10.17/lib/python3.10" type="simple" />
            <root url="file://$USER_HOME$/.pyenv/versions/3.10.17/lib/python3.10/lib-dynload" type="simple" />
            <root url="file://$USER_HOME$/Project/Python/.venv/lib/python3.10/site-packages" type="simple" />
            <root url="file://$USER_HOME$/.cache/JetBrains/PyCharm2025.1/python_stubs/-503367979" type="simple" />
            <root url="file://$APPLICATION_HOME_DIR$/plugins/python-ce/helpers/python-skeletons" type="simple" />
            <root url="file://$APPLICATION_HOME_DIR$/plugins/python-ce/helpers/typeshed/stdlib" type="simple" />
            <root url="file://$APPLICATION_HOME_DIR$/plugins/python-ce/helpers/typeshed/stubs/setuptools" type="simple" />
          </root>
        </classPath>
        <sourcePath>
          <root type="composite" />
        </sourcePath>
      </roots>
      <additional ASSOCIATED_PROJECT_PATH="$USER_HOME$/Project/Python" SDK_UUID="5c747ee8-e58c-441d-a13a-8983d058f989">
        <setting name="FLAVOR_ID" value="VirtualEnvSdkFlavor" />
        <setting name="FLAVOR_DATA" value="{}" />
      </additional>
    </jdk>
    <jdk version="2">
      <name value="Python 3.10 (prometheus_fastapi_metric_extractor)" />
      <type value="Python SDK" />
      <version value="Python 3.10.17" />
      <homePath value="$USER_HOME$/Project/Python/prometheus_fastapi_metric_extractor/.venv/bin/python" />
      <roots>
        <classPath>
          <root type="composite">
            <root url="file://$USER_HOME$/.pyenv/versions/3.10.17/lib/python3.10" type="simple" />
            <root url="file://$USER_HOME$/.pyenv/versions/3.10.17/lib/python3.10/lib-dynload" type="simple" />
            <root url="file://$USER_HOME$/Project/Python/prometheus_fastapi_metric_extractor/.venv/lib/python3.10/site-packages" type="simple" />
            <root url="file://$USER_HOME$/.cache/JetBrains/PyCharm2025.1/python_stubs/1816730361" type="simple" />
            <root url="file://$APPLICATION_HOME_DIR$/plugins/python-ce/helpers/python-skeletons" type="simple" />
            <root url="file://$APPLICATION_HOME_DIR$/plugins/python-ce/helpers/typeshed/stdlib" type="simple" />
            <root url="file://$APPLICATION_HOME_DIR$/plugins/python-ce/helpers/typeshed/stubs/setuptools" type="simple" />
          </root>
        </classPath>
        <sourcePath>
          <root type="composite" />
        </sourcePath>
      </roots>
      <additional ASSOCIATED_PROJECT_PATH="$USER_HOME$/Project/Python/prometheus_fastapi_metric_extractor" SDK_UUID="f5fa0f6b-62f6-471a-8fbf-1a0aaccce462">
        <setting name="FLAVOR_ID" value="VirtualEnvSdkFlavor" />
        <setting name="FLAVOR_DATA" value="{}" />
      </additional>
    </jdk>
    <jdk version="2">
      <name value="Python 3.12 virtualenv at ~/.pyenv/versions/saltbox-core" />
      <type value="Python SDK" />
      <version value="Python 3.12.10" />
      <homePath value="$USER_HOME$/.pyenv/versions/saltbox-core/bin/python" />
      <roots>
        <classPath>
          <root type="composite">
            <root url="file://$USER_HOME$/.pyenv/versions/3.12.10/lib/python3.12" type="simple" />
            <root url="file://$USER_HOME$/.pyenv/versions/3.12.10/lib/python3.12/lib-dynload" type="simple" />
            <root url="file://$USER_HOME$/.pyenv/versions/saltbox-core/lib/python3.12/site-packages" type="simple" />
            <root url="file://$USER_HOME$/.cache/JetBrains/PyCharm2025.1/python_stubs/1974716363" type="simple" />
            <root url="file://$APPLICATION_HOME_DIR$/plugins/python-ce/helpers/python-skeletons" type="simple" />
            <root url="file://$APPLICATION_HOME_DIR$/plugins/python-ce/helpers/typeshed/stdlib" type="simple" />
            <root url="file://$APPLICATION_HOME_DIR$/plugins/python-ce/helpers/typeshed/stubs/cffi" type="simple" />
            <root url="file://$APPLICATION_HOME_DIR$/plugins/python-ce/helpers/typeshed/stubs/pytz" type="simple" />
            <root url="file://$APPLICATION_HOME_DIR$/plugins/python-ce/helpers/typeshed/stubs/redis" type="simple" />
            <root url="file://$APPLICATION_HOME_DIR$/plugins/python-ce/helpers/typeshed/stubs/PyYAML" type="simple" />
            <root url="file://$APPLICATION_HOME_DIR$/plugins/python-ce/helpers/typeshed/stubs/Pygments" type="simple" />
            <root url="file://$APPLICATION_HOME_DIR$/plugins/python-ce/helpers/typeshed/stubs/python-slugify" type="simple" />
          </root>
        </classPath>
        <sourcePath>
          <root type="composite" />
        </sourcePath>
      </roots>
      <additional SDK_UUID="bebabc02-4338-4914-a7fa-ca945a6c13c7">
        <setting name="FLAVOR_ID" value="VirtualEnvSdkFlavor" />
        <setting name="FLAVOR_DATA" value="{}" />
      </additional>
    </jdk>
    <jdk version="2">
      <name value="Python 3.13 (practice)" />
      <type value="Python SDK" />
      <version value="Python 3.13.5" />
      <homePath value="$USER_HOME$/Project/Python/practice/.venv/bin/python" />
      <roots>
        <classPath>
          <root type="composite">
            <root url="file:///usr/lib/python3.13" type="simple" />
            <root url="file:///usr/lib/python3.13/lib-dynload" type="simple" />
            <root url="file://$USER_HOME$/Project/Python/practice/.venv/lib/python3.13/site-packages" type="simple" />
            <root url="file://$USER_HOME$/.cache/JetBrains/PyCharm2025.1/python_stubs/-836083205" type="simple" />
            <root url="file://$APPLICATION_HOME_DIR$/plugins/python-ce/helpers/python-skeletons" type="simple" />
            <root url="file://$APPLICATION_HOME_DIR$/plugins/python-ce/helpers/typeshed/stdlib" type="simple" />
            <root url="file://$APPLICATION_HOME_DIR$/plugins/python-ce/helpers/bundled_stubs/Django" type="simple" />
          </root>
        </classPath>
        <sourcePath>
          <root type="composite" />
        </sourcePath>
      </roots>
      <additional ASSOCIATED_PROJECT_PATH="$USER_HOME$/Project/Python/practice" SDK_UUID="021fa9ce-dff2-4bad-b656-90043b15f12f">
        <setting name="FLAVOR_ID" value="UnknownFlavor" />
        <setting name="FLAVOR_DATA" value="{}" />
      </additional>
    </jdk>
  </component>
</application>