<application>
  <component name="LafManager">
    <laf themeId="com.github.catppuccin.mocha.jetbrains" />
    <lafs-to-previous-schemes>
      <laf-to-scheme laf="12d1ebc9-0ab9-4977-922e-0a225f9d50fb" scheme="_@user_Default" />
      <laf-to-scheme laf="4f556d32-83cb-4b8b-9932-c4eccc4ce3af" scheme="_@user_Default" />
      <laf-to-scheme laf="Darcula" scheme="_@user_Gruvbox Dark Medium" />
      <laf-to-scheme laf="ExperimentalDark" scheme="_@user_Catppuccin Mocha" />
      <laf-to-scheme laf="f2de70af-bc81-47f2-a734-4c807d5ca444" scheme="_@user_Gruvbox Light Medium" />
    </lafs-to-previous-schemes>
  </component>
</application>