<application>
  <component name="ParameterNameHintsSettings">
    <blacklists>
      <blacklist language="Java" />
      <blacklist language="Python">
        <added pattern="logging.Logger.debug(self,msg,&lt;star&gt;args,exc_info,stack_info,stacklevel,extra)" />
      </blacklist>
    </blacklists>
    <option id="python.show.hints.for.non-literal.arguments" value="true" />
    <option id="java.multiple.params.same.type" value="true" />
    <option id="java.simple.sequentially.numbered" value="true" />
    <option id="java.clear.expression.type" value="true" />
    <option id="java.method.name.contains.parameter.name" value="true" />
  </component>
</application>