<application>
  <component name="ProjectManager">
    <defaultProject>
      <component name="ProjectViewState">
        <option name="compactDirectories" value="true" />
        <option name="hideEmptyMiddlePackages" value="true" />
        <option name="showLibraryContents" value="true" />
      </component>
      <component name="PropertiesComponent">{
  &quot;keyToString&quot;: {
    &quot;settings.editor.selected.configurable&quot;: &quot;reference.settings.ide.settings.new.ui&quot;
  }
}</component>
      <component name="WindowStateProjectService">
        <state x="1397" y="359" key="FileChooserDialogImpl.ideScale=150" timestamp="1754670877259">
          <screen x="0" y="0" width="3440" height="1440" />
        </state>
        <state x="1397" y="359" key="FileChooserDialogImpl.ideScale=150/0.0.3440.1440/3440.0.1440.2560" timestamp="1754670877259" />
      </component>
    </defaultProject>
  </component>
</application>