<application>
  <component name="Trusted.Paths">
    <option name="TRUSTED_PROJECT_PATHS">
      <map>
        <entry key="$USER_HOME$/GolandProjects/awesomeProject" value="true" />
        <entry key="$USER_HOME$/Project/Go/imzbot" value="true" />
        <entry key="$USER_HOME$/Project/Go/practice" value="true" />
        <entry key="$USER_HOME$/Project/Python" value="true" />
        <entry key="$USER_HOME$/Project/Python/practice" value="true" />
        <entry key="$USER_HOME$/Project/Python/prometheus_fastapi_metric_extractor" value="true" />
        <entry key="$USER_HOME$/Project/Python/saltbox-prometheus-exporter" value="true" />
        <entry key="$USER_HOME$/Project/Salt.Box" value="true" />
        <entry key="$USER_HOME$/Project/Salt.Box/saltbox-bridge" value="true" />
        <entry key="$USER_HOME$/Project/Salt.Box/saltbox-bridge/saltbox_bridge" value="true" />
        <entry key="$USER_HOME$/Project/Salt.Box/saltbox-core" value="true" />
        <entry key="$USER_HOME$/Project/Salt.Box/saltbox-gateway" value="true" />
        <entry key="$USER_HOME$/Project/Salt.Box/saltbox-prometheus-exporter" value="true" />
        <entry key="$USER_HOME$/Project/Salt.Box/saltbox-sdk" value="true" />
        <entry key="$USER_HOME$/Project/Salt.Box/sb_migration" value="true" />
        <entry key="$USER_HOME$/Projects/AgroPulse" value="true" />
        <entry key="$USER_HOME$/Projects/AgroPulse/client/telegram/AgroPulse" value="true" />
        <entry key="$USER_HOME$/Projects/AgroPulse/client/telegram/bot" value="true" />
        <entry key="$USER_HOME$/Projects/Java/CryptoWatcher" value="true" />
        <entry key="$USER_HOME$/Projects/Java/WhatsAppClient" value="true" />
        <entry key="$USER_HOME$/Projects/hackathon" value="true" />
        <entry key="$USER_HOME$/Projects/hackathon/client/bot" value="true" />
        <entry key="$USER_HOME$/Projects/hackathon/client/telegram/bot" value="true" />
      </map>
    </option>
  </component>
  <component name="Trusted.Paths.Settings">
    <option name="TRUSTED_PATHS">
      <list>
        <option value="$USER_HOME$/Projects/hackathon/client/telegram" />
        <option value="$USER_HOME$/Project/Go" />
        <option value="$USER_HOME$/Project/Salt.Box" />
      </list>
    </option>
  </component>
</application>