<application>
  <component name="UISettings">
    <option name="compactTreeIndents" value="true" />
    <option name="DIFFERENTIATE_PROJECTS" value="false" />
    <option name="EDITOR_TAB_LIMIT" value="7" />
    <option name="HIDE_TOOL_STRIPES" value="true" />
    <option name="MAX_LOOKUP_LIST_HEIGHT" value="16" />
    <option name="MAX_LOOKUP_WIDTH2" value="2044" />
    <option name="SCROLL_TAB_LAYOUT_IN_EDITOR" value="false" />
    <option name="SHOW_EDITOR_TOOLTIP" value="false" />
    <option name="SHOW_NAVIGATION_BAR_MEMBERS" value="false" />
    <option name="SHOW_NEW_MAIN_TOOLBAR" value="false" />
    <option name="UI_DENSITY" value="COMPACT" />
  </component>
</application>