<application>
  <component name="DimensionService">
    <location key="find.popup.1440.0.3440.1440@144dpi" x="2158" y="294" />
    <location key="find.popup.0.0.3440.1440@144dpi" x="1178" y="362" />
    <size key="find.popup.1440.0.3440.1440@144dpi" width="2144" height="976" />
    <size key="javadoc.popup.new.1440.0.3440.1440@144dpi" width="799" height="229" />
    <size key="GridCell.Tab.0.left.0.0.3440.1440@144dpi" width="3416" height="636" />
    <size key="GridCell.Tab.0.center.0.0.3440.1440@144dpi" width="3416" height="636" />
    <size key="GridCell.Tab.0.right.0.0.3440.1440@144dpi" width="3416" height="636" />
    <size key="GridCell.Tab.0.bottom.0.0.3440.1440@144dpi" width="3416" height="636" />
    <size key="find.popup.0.0.3440.1440@144dpi" width="979" height="786" />
    <size key="GridCell.Tab.0.left.1440.0.3440.1440@144dpi" width="3416" height="408" />
    <size key="GridCell.Tab.0.center.1440.0.3440.1440@144dpi" width="3416" height="408" />
    <size key="GridCell.Tab.0.right.1440.0.3440.1440@144dpi" width="3416" height="408" />
    <size key="GridCell.Tab.0.bottom.1440.0.3440.1440@144dpi" width="3416" height="408" />
    <size key="GridCell.Tab.1.left.1440.0.3440.1440@144dpi" width="3416" height="408" />
    <size key="GridCell.Tab.1.center.1440.0.3440.1440@144dpi" width="3416" height="408" />
    <size key="GridCell.Tab.1.right.1440.0.3440.1440@144dpi" width="3416" height="408" />
    <size key="GridCell.Tab.1.bottom.1440.0.3440.1440@144dpi" width="3416" height="408" />
    <size key="GridCell.Tab.1.left.0.0.3440.1440@144dpi" width="3416" height="636" />
    <size key="GridCell.Tab.1.center.0.0.3440.1440@144dpi" width="3416" height="636" />
    <size key="GridCell.Tab.1.right.0.0.3440.1440@144dpi" width="3416" height="636" />
    <size key="GridCell.Tab.1.bottom.0.0.3440.1440@144dpi" width="3416" height="636" />
  </component>
  <component name="WindowManager">
    <frame x="1452" y="45" width="3416" height="1383" />
  </component>
  <component name="WindowStateApplicationService">
    <state x="2837" y="380" width="636" height="682" key="FileChooserDialogImpl.ideScale=150" timestamp="1752657846931">
      <screen x="1440" y="0" width="3440" height="1440" />
    </state>
    <state x="2837" y="380" width="636" height="682" key="FileChooserDialogImpl.ideScale=150/0.0.1440.2560/1440.0.3440.1440" timestamp="1752657846931" />
    <state width="679" height="144" key="ShowUsagesActions.dimensionServiceKey.ideScale=150" timestamp="1755147734820">
      <screen x="0" y="0" width="3440" height="1440" />
    </state>
    <state width="1051" height="210" key="ShowUsagesActions.dimensionServiceKey.ideScale=150/0.0.1440.2560/1440.0.3440.1440" timestamp="1754485620753" />
    <state width="679" height="144" key="ShowUsagesActions.dimensionServiceKey.ideScale=150/0.0.3440.1440/3440.0.1440.2560" timestamp="1755147734820" />
    <state width="1021" height="784" key="manage.recent.projects.popup.ideScale=150" timestamp="1754671630334">
      <screen x="0" y="0" width="3440" height="1440" />
    </state>
    <state width="1021" height="784" key="manage.recent.projects.popup.ideScale=150/0.0.3440.1440/3440.0.1440.2560" timestamp="1754671630334" />
  </component>
</application>